-- drop database tracksense;
-- CREATE DATABASE tracksense;
use tracksense;
INSERT INTO user (Userlogin) VALUES ('admin');

INSERT INTO Location (Latitude, Longitude,Speed)
VALUES
  ('-86.7307618304','-127.2488787968',12),
  ('-12.7448602624','160.490066944',11),
  ('76.7508666368','-56.36916992',6),
  ('-82.2259085312','34.6684485632',7),
  ('33.7758281728','-18.1048754176',21),
  ('-56.484729856','9.0770890752',1),
  ('-2.5722368','-16.132232192',12),
  ('75.5297503232','-103.2850193408',9),
  ('43.5626642432','-26.2040196096',0),
  ('7.7892083712','-165.0185795584',18),
  ('-61.940348416','13.0186241024',22),
  ('54.2115757056','76.7309277184',19),
  ('-11.2641025024','141.00471296',10),
  ('-25.2600856576','-3.8101000192',9),
  ('-12.3070308352','62.1830764544',23),
  ('52.3545603072','-87.8296419328',19),
  ('58.3352162304','-16.9842388992',17),
  ('0.6911066112','1.9045282816',19),
  ('-69.4619102208','139.7839886336',21),
  ('-66.9242630144','-86.1149124608',11),
  ('-17.5289562112','-54.47718656',2),
  ('-25.1735947264','78.8165745664',19),
  ('84.0455090176','-168.53946368',11),
  ('-5.7841241088','103.0129882112',14),
  ('16.4238230528','-110.1406000128',21),
  ('-48.6158485504','-166.4371991552',7),
  ('9.0952769536','42.4335942656',4),
  ('36.3143891968','19.117885952',2),
  ('30.2690799616','-125.5708275712',22),
  ('66.2583860224','-156.0639512576',7);
  
  INSERT INTO PlannedRide (PlannedRideId, Userlogin)
VALUES
    ('2854D652-F4FB-EB65-6807-A49E7A031D6E', 'admin'),
    ('9953DE61-59FF-8AB9-DB8D-8431D862448B', 'admin'),
    ('91782BEA-2302-E83A-79DD-199B04ED8390', 'admin'),
    ('558F58E2-9F83-CAF2-93C7-82859BEE6ECA', 'admin');
INSERT INTO CompletedRide (CompletedRideId, Userlogin, PlannedRideId)
VALUES
    ('2854D652-F4FB-EB65-6807-A49E7A031D6E', 'admin', '2854D652-F4FB-EB65-6807-A49E7A031D6E'),
    ('9953DE61-59FF-8AB9-DB8D-8431D862448B', 'admin', '9953DE61-59FF-8AB9-DB8D-8431D862448B'),
    ('91782BEA-2302-E83A-79DD-199B04ED8390', 'admin', '91782BEA-2302-E83A-79DD-199B04ED8390'),
    ('558F58E2-9F83-CAF2-93C7-82859BEE6ECA', 'admin', '558F58E2-9F83-CAF2-93C7-82859BEE6ECA'); 
INSERT INTO CompletedRidePoint (completedRideId,LocationId,RideStep,Temperature,Date)
VALUES
  ('2854D652-F4FB-EB65-6807-A49E7A031D6E',2,1,24,'2023-09-14 17:48:10'),
  ('2854D652-F4FB-EB65-6807-A49E7A031D6E',4,2,25,'2023-09-14 18:23:34'),
  ('2854D652-F4FB-EB65-6807-A49E7A031D6E',5,3,21,'2023-09-14 18:40:08'),
  ('2854D652-F4FB-EB65-6807-A49E7A031D6E',1,4,24,'2023-09-14 18:44:08'),
  ('2854D652-F4FB-EB65-6807-A49E7A031D6E',6,5,27,'2023-09-14 18:50:08'),
  ('2854D652-F4FB-EB65-6807-A49E7A031D6E',7,6,26,'2023-09-14 18:43:08'),
  ('2854D652-F4FB-EB65-6807-A49E7A031D6E',8,7,25,'2023-09-14 18:57:08'),
  ('2854D652-F4FB-EB65-6807-A49E7A031D6E',9,3,24,'2023-09-14 18:20:08'),
  ('2854D652-F4FB-EB65-6807-A49E7A031D6E',10,4,23,'2023-09-14 18:25:08'),
  ('2854D652-F4FB-EB65-6807-A49E7A031D6E',11,2,28,'2023-09-14 18:26:08'),
  ('2854D652-F4FB-EB65-6807-A49E7A031D6E',12,2,22,'2023-09-14 18:27:08'),
  ('2854D652-F4FB-EB65-6807-A49E7A031D6E',13,4,21,'2023-09-14 18:29:08'),
  ('2854D652-F4FB-EB65-6807-A49E7A031D6E',14,5,22,'2023-09-14 18:33:08'),
  ('9953DE61-59FF-8AB9-DB8D-8431D862448B',4,5,27,'2023-09-14 18:33:08'),
  ('9953DE61-59FF-8AB9-DB8D-8431D862448B',1,6,25,'2023-09-14 18:42:08'),
  ('9953DE61-59FF-8AB9-DB8D-8431D862448B',5,2,23,'2023-09-14 18:44:08'),
  ('9953DE61-59FF-8AB9-DB8D-8431D862448B',6,3,23,'2023-09-14 18:46:08'),
  ('9953DE61-59FF-8AB9-DB8D-8431D862448B',7,4,22,'2023-09-14 18:50:08'),
  ('558F58E2-9F83-CAF2-93C7-82859BEE6ECA',3,4,25,'2023-09-14 18:43:08'),
  ('558F58E2-9F83-CAF2-93C7-82859BEE6ECA',2,5,20,'2023-09-14 18:55:08');
use tracksense;
select * from completedRide;
select * from completedridepoint;
