USE Tracksense
GO
-- Insert data
INSERT INTO [user] (Userlogin) VALUES ('admin');
GO
-- Insert location
INSERT INTO Location (LocationId,Latitude, Longitude)
VALUES
  (1,'-86.7307618304','-127.2488787968'),
  (2,'-12.7448602624','160.490066944'),
  (3,'76.7508666368','-56.36916992'),
  (4,'-82.2259085312','34.6684485632'),
  (5,'33.7758281728','-18.1048754176'),
  (6,'-56.484729856','9.0770890752'),
  (7,'-2.5722368','-16.132232192'),
  (8,'75.5297503232','-103.2850193408'),
  (9,'43.5626642432','-26.2040196096'),
  (10,'7.7892083712','-165.0185795584'),
  (11,'-61.940348416','13.0186241024'),
  (12,'54.2115757056','76.7309277184'),
  (13,'-11.2641025024','141.00471296'),
  (14,'-25.2600856576','-3.8101000192'),
  (15,'-12.3070308352','62.1830764544'),
  (16,'52.3545603072','-87.8296419328'),
  (17,'58.3352162304','-16.9842388992'),
  (18,'0.6911066112','1.9045282816'),
  (19,'-69.4619102208','139.7839886336'),
  (20,'-66.9242630144','-86.1149124608'),
  (21,'-17.5289562112','-54.47718656'),
   (22,'-25.1735947264','78.8165745664'),
  (23,'84.0455090176','-168.53946368'),
  (24,'-5.7841241088','103.0129882112'),
  (25,'16.4238230528','-110.1406000128'),
  (26,'-48.6158485504','-166.4371991552'),
  (27,'9.0952769536','42.4335942656'),
  (28,'36.3143891968','19.117885952'),
  (29,'30.2690799616','-125.5708275712'),
  (30,'66.2583860224','-156.0639512576');
GO
-- Insert data into PlannedRide
INSERT INTO PlannedRide (PlannedRideId, Userlogin)
VALUES
    ('2854D652-F4FB-EB65-6807-A49E7A031D6E', 'admin'),
    ('9953DE61-59FF-8AB9-DB8D-8431D862448B', 'admin'),
    ('91782BEA-2302-E83A-79DD-199B04ED8390', 'admin'),
    ('558F58E2-9F83-CAF2-93C7-82859BEE6ECA', 'admin');
GO
-- Insert data into CompletedRide
INSERT INTO CompletedRide (CompletedRideId, Userlogin, PlannedRideId)
VALUES
    ('2854D652-F4FB-EB65-6807-A49E7A031D6E', 'admin', '2854D652-F4FB-EB65-6807-A49E7A031D6E'),
    ('9953DE61-59FF-8AB9-DB8D-8431D862448B', 'admin', '9953DE61-59FF-8AB9-DB8D-8431D862448B'),
    ('91782BEA-2302-E83A-79DD-199B04ED8390', 'admin', '91782BEA-2302-E83A-79DD-199B04ED8390'),
    ('558F58E2-9F83-CAF2-93C7-82859BEE6ECA', 'admin', '558F58E2-9F83-CAF2-93C7-82859BEE6ECA');
GO
-- Insert data into CompletedRidePoint


	Select * from CompletedRidePoint
	Select * from Location
INSERT INTO [CompletedRidePoint] (completedRideId,LocationId,RideStep,Temperature,Date)
VALUES
  ('2854D652-F4FB-EB65-6807-A49E7A031D6E',2,5,24,'1:52'),
  ('2854D652-F4FB-EB65-6807-A49E7A031D6E',5,4,25,'11:58'),
  ('2854D652-F4FB-EB65-6807-A49E7A031D6E',3,3,21,'7:18'),
  ('2854D652-F4FB-EB65-6807-A49E7A031D6E',1,2,24,'2:05'),
  ('2854D652-F4FB-EB65-6807-A49E7A031D6E',6,5,27,'1:16'),
  ('2854D652-F4FB-EB65-6807-A49E7A031D6E',7,3,26,'3:30'),
  ('2854D652-F4FB-EB65-6807-A49E7A031D6E',8,6,25,'4:53'),
  ('2854D652-F4FB-EB65-6807-A49E7A031D6E',9,4,24,'3:16'),
  ('2854D652-F4FB-EB65-6807-A49E7A031D6E',10,4,23,'12:37'),
  ('2854D652-F4FB-EB65-6807-A49E7A031D6E',11,2,28,'7:13'),
  ('2854D652-F4FB-EB65-6807-A49E7A031D6E',12,2,22,'9:38'),
  ('2854D652-F4FB-EB65-6807-A49E7A031D6E',13,4,21,'10:54'),
  ('2854D652-F4FB-EB65-6807-A49E7A031D6E',14,5,22,'7:48'),
  ('9953DE61-59FF-8AB9-DB8D-8431D862448B',4,5,27,'7:12'),
  ('9953DE61-59FF-8AB9-DB8D-8431D862448B',1,6,25,'7:28'),
  ('9953DE61-59FF-8AB9-DB8D-8431D862448B',5,2,23,'7:43'),
  ('9953DE61-59FF-8AB9-DB8D-8431D862448B',6,3,23,'12:17'),
  ('9953DE61-59FF-8AB9-DB8D-8431D862448B',7,4,22,'1:21'),
  ('558F58E2-9F83-CAF2-93C7-82859BEE6ECA',3,4,25,'8:25'),
  ('558F58E2-9F83-CAF2-93C7-82859BEE6ECA',2,5,20,'11:02');